Target No.,!TITLE!_JAPANESE,,,,,,,,,,,,V,!INDEX!
,,,,,,,,,,,,,,
,单位(厘米),BASE,USER,S,M,L,LL,*,*,*,*,*,u,%A0002
,WG<-->Shape,0,0,0,0,0,0,0,0,0,0,0,-,%A0056
,连衣裙长,105,105,104,105,106,107,,,,,,T_Y/101/117/B_L/4595/4596,%T9001
T001,身长,56,56,54,56,58,60,,,,,,Y/101/117,%A0251
,后中心长,,,,,,,,,,,,X/4000/4001/Y/3900/3901,%A0389
,腋下长,,,,,,,,,,,,Y/116/107,%A0390
T002,@45 胸宽,42,42,39,42,45,48.5,,,,,,BX/107/117,%A0097
T003,肩宽,32,32,30.5,32,33.5,35,,,,,,BX/102/117,%A0324
T010,肩斜,,,,,,,,,,,,Y/102/101,%A0323
,打褶宽,,,,,,,,,,,,L/4003/4005/L/4033/4035,%A0391
T069,由肩点到前上胸宽向下直量,,,,,,,,,,,,Y/101/103,%A0252
T026,前上胸宽,31,31,29.5,31,32.5,34,,,,,,BX/103/117,%A0278
T006,后上胸宽,32,32,30.5,32,33.5,35,,,,,,BX/3/21,%A0241
T005,后领外宽,16,16,15.5,16,16.5,17,,,,,,BX/595/117,%A0244
,-,,,,,,,,,,,,-,%A0414
,前领深(领内围到领头),16,16,15.5,16,16.5,17,,,,,,Y/580/101,%A0281
T007,前领深(领外围到领头),,,,,,,,,,,,Y/590/101,%A0282
T009,后领深,2,2,1.5,2,2.5,3,,,,,,Y/501/1,%A0243
T011,夹圈直量度,19.5,19.5,18.5,19.5,20.5,21.5,,,,,,L/102/107,%A0331
T023,后中到夹圈下围,,,,,,,,,,,,Y/101/107,%A0340
T028,腰宽位置(肩点下量),37.5,37.5,36.5,37.5,38.5,39.5,,,,,,Y/101/110,%A0347
T022,@24 腰宽,39,39,36,39,42,45.5,,,,,,BX/110/117,%A0071
T013,@31 下摆长,5,5,5,5,5,6,,,,,,Y/115/116,%A0074
T012,@24 罗纹宽,42,42,39,42,45,48.5,,,,,,BX/116/117,%A0070
,,,,,,,,,,,,,,
,,,,,,,,,,,,,,
,,,,,,,,,,,,,,
,,,,,,,,,,,,,,
,,,,,,,,,,,,,,
,,,,,,,,,,,,,,
,,,,,,,,,,,,,,
,,,,,,,,,,,,,,
,,,,,,,,,,,,,,
,,,,,,,,,,,,,,
,,,,,,,,,,,,,,
,,,,,,,,,,,,,,
,,,,,,,,,,,,,,
,,,,,,,,,,,,,,
,袖子总长,,,,,,,,,,,,T_L/202/294/C_L/6898/6662,%T9002
T063,袖长,,,,,,,,,,,,SY/202/294,%A0328
,后中到袖口总长,,,,,,,,,,,,T_L/2497/2401/X/2401/2431/C_L/6898/6662,%T9003
T014,后中到袖口长,,,,,,,,,,,,L/2497/2401/X/2401/2431,%A0300
T016,@46 袖宽,,,,,,,,,,,,SX/229/201,%A0098
T019,@32 袖口长,,,,,,,,,,,,SY/292/293,%A0075
T017,@47 袖口宽,,,,,,,,,,,,SX/294/292,%A0099
,,,,,,,,,,,,,,
,,,,,,,,,,,,,,
,,,,,,,,,,,,,,
,,,,,,,,,,,,,,
,,,,,,,,,,,,,,
,,,,,,,,,,,,,,
,,,,,,,,,,,,,,
,,,,,,,,,,,,,,
,,,,,,,,,,,,,,
,,,,,,,,,,,,,,
,,,,,,,,,,,,,,
,,,,,,,,,,,,,,
,,,,,,,,,,,,,,
T050,领片高,1.2,1.2,1.2,1.2,1.2,1.5,,,,,,Y/1004/1003,%A0111
,@9# 领片高,1.2,1.20,1.2,1.2,1.2,1.5,,,,,,Y/1051/1050,%A0120
T042,前领底宽保持直线部分长,,,,,,,,,,,,BX/521/520,%A0334
,后领底宽保持直线部分长,,,,,,,,,,,,BX/501/502,%A0333
,侧颈点＿领宽,,2,,,,,,,,,,L/126/595,%A0330
,接SP领位置,,0.20,,,,,,,,,,-,%A0026
T043,调整V领线,,0.7,0.7,0.7,0.7,0.7,,,,,,L/582/584,%A0343
,调整后V领线,,,,,,,,,,,,L/803/804,%A0342
,,,,,,,,,,,,,,
,,,,,,,,,,,,,,
,领口垂直尺寸,,,,,,,,,,,,L/125/126,%A0386
,,,,,,,,,,,,,,
T020,腋下平收宽度(前片),1.2,1.2,1.2,1.2,1.2,1.7,,,,,,L/107/106,%A0250
T021,腋下平收宽度(后片),0.7,0.7,0.7,0.7,0.7,1.2,,,,,,L/7/6,%A0249
,袖拢罗纹宽,0,1,1,1,1,1.3,,,,,,X/103/3643,%A0131
,@9# 袖拢罗纹宽,,,,,,,,,,,,X/103/3643,%A0130
,,,,,,,,,,,,,,
,,,,,,,,,,,,,,
T032,曲线部分/夹圈深比率,0.3,0.3,0.3,0.3,0.3,0.4,,,,,,Y/102/107/Y/107/105,%A0264
T033,曲线部分/(后)夹圈深比率,,,,,,,,,,,,-,%A0265
,,,,,,,,,,,,,,
,,,,,,,,,,,,,,
,,,,,,,,,,,,,,
,AH@,,,,,,,,,,,,,
,H,,,,,,,,,,,,,
,,,,,,,,,,,,,,
,,,,,,,,,,,,,,
,,,,,,,,,,,,,,
,,,,,,,,,,,,,,
,,,0.14,,,,,,,,,,,
,,,0.13,,,,,,,,,,,
,,,,,,,,,,,,,,
,,,,,,,,,,,,,,
,,,,,,,,,,,,,,
,,,,,,,,,,,,,,
,,,,,,,,,,,,,,
,,,,,,,,,,,,,,
,,,,,,,,,,,,,,
,,,,,,,,,,,,,,
,,,,,,,,,,,,,,
T044,胸围保持直线部分长,1,1,1,1,1,1,,,,,,Y/107/108,%A0256
T045,腰围保持直线部分长,2,2,2,2,2,2,,,,,,Y/109/111,%A0348
T047,下栏保持直线部分长,1,1,1,1,1,1,,,,,,Y/114/115,%A0291
T027,夹底保持直线部分长,,,,,,,,,,,,SY/229/230,%A0337
,,,,,,,,,,,,,,
,,,,,,,,,,,,,,
,,,,,,,,,,,,,,
,,,,,,,,,,,,,,
,,,,,,,,,,,,,,
,,,,,,,,,,,,,,
T039,前后身宽差(前>后),,,,,,,,,,,,X/107/121/X/7/21,%A0268
T067,背加长(后身片),0,1,1,1,1.5,1.5,,,,,,Y/5/2,%A0325
T068,前腋下加长,,,,,,,,,,,,L/115/114/L/114/111/L/111/109/L/109/108/L/108/107,%A0381
,前肩向前或向后回转部分(领部),,,,,,,,,,,,L/101/2051,%A0297
,前肩向前或向后回转部分(肩部),,,,,,,,,,,,L/102/2052,%A0298
,,,,,,,,,,,,,,
,,,,,,,,,,,,,,
,,,,,,,,,,,,,,
,,,,,,,,,,,,,,
,,,,,,,,,,,,,,
,,,,,,,,,,,,,,
,,,,,,,,,,,,,,
,,,,,,,,,,,,,,
,,,,,,,,,,,,,,
,,,,,,,,,,,,,,
,,,,,,,,,,,,,,
,,,,,,,,,,,,,,
,,,,,,,,,,,,,,
,,,,,,,,,,,,,,
,,,,,,,,,,,,,,
T051,袖山高,,,,,,,,,,,,SY/202/201,%A0290
,袖山留针宽度,,,,,,,,,,,,LL2/224/202/LL2/202/204,%A0356
,袖山留针宽度(半身),,,,,,,,,,,,LL2/224/202,%A0438
,,,,,,,,,,,,,,
,袖山宽度增加部分(上面),,,,,,,,,,,,SX/2322/201,%A0245
,袖山宽度增加部分(下面),,,,,,,,,,,,SX/2321/201,%A0246
,,,,,,,,,,,,,,
,,,,,,,,,,,,,,
T052,袖山丰满度,,,,,,,,,,,,LL/229/202/2321/LL/202/209/2301,%A0284
,,,,,,,,,,,,,,
,,,,,,,,,,,,,,
,,,,,,,,,,,,,,
,袖山宽 高度1,,,,,,,,,,,,SY/201/2323,%A0428
,袖山宽1,,,,,,,,,,,,SX/2323/201,%A0429
,袖山宽 高度2,,,,,,,,,,,,SY/201/2322,%A0430
,袖山宽2,,,,,,,,,,,,SX/2322/201,%A0431
,袖山宽 高度3,,,,,,,,,,,,SY/201/2321,%A0432
,袖山宽3,,,,,,,,,,,,SX/2321/201,%A0433
,袖山宽 高度4,,,,,,,,,,,,SY/201/2320,%A0434
,袖山宽4,,,,,,,,,,,,SX/2320/201,%A0435
,袖山宽 高度5,,,,,,,,,,,,SY/201/2319,%A0436
,袖山宽5,,,,,,,,,,,,SX/2319/201,%A0437
,\FRP,,,,,,,,,,,,,
,\FRP,,,,,,,,,,,,,
,\FR2,,,,,,,,,,,,,
,\FR2,,,,,,,,,,,,,
,\FR3,,,,,,,,,,,,,
,\FR3,,,,,,,,,,,,,
,\FR4,,,,,,,,,,,,,
,\FR4,,,,,,,,,,,,,
,\FR5,,,,,,,,,,,,,
,\FR5,,,,,,,,,,,,,
,,,,,,,,,,,,,,
,,,,,,,,,,,,,,
T070,袖侧腋下长,,,,,,,,,,,,SY/229/294,%A0341
,,,,,,,,,,,,,,
T031,上臂长位置(和上臂宽成组),,,,,,,,,,,,SY/232/292,%A0236
T030,袖增加宽度(臂宽),,,,,,,,,,,,SX/232/201,%A0327
,,,,,,,,,,,,,,
,,,,,,,,,,,,,,
,,,,,,,,,,,,,,
,,,,,,,,,,,,,,
,,,,,,,,,,,,,,
,,,,,,,,,,,,,,
,,,,,,,,,,,,,,
,,,,,,,,,,,,,,
,,,,,,,,,,,,,,
,,,,,,,,,,,,,,
,,,,,,,,,,,,,,
,,,,,,,,,,,,,,
,斜肩袖夹宽度,,,,,,,,,,,,L/2401/2447,%A0309
T038,后斜肩袖夹位置,,,,,,,,,,,,LL/2401/2434/2437,%A0238
,斜肩式后中到夹圈下围重叠量,,,,,,,,,,,,L/2468/2406,%A0247
,后斜肩式后中到夹圈下围重叠量,,,,,,,,,,,,L/2407/2481,%A0401
,斜肩式曲线 1,,,,,,,,,,,,L/2461/2462,%A0039
,斜肩式曲线 2,,,,,,,,,,,,L/2464/2465,%A0040
,斜肩式曲线 3,,,,,,,,,,,,-,%A0397
,后斜肩式曲线 1,,,,,,,,,,,,L/2461/2462,%A0398
,后斜肩式曲线 2,,,,,,,,,,,,L/2467/2468,%A0399
,后斜肩式曲线 3,,,,,,,,,,,,-,%A0400
,斜肩袖平行长度,,,,,,,,,,,,L/2435/2461,%A0441
,斜肩式曲线位置1 高度,,,,,,,,,,,,Y/2461/2407,%A0442
,斜肩式曲线位置1 宽度,,,,,,,,,,,,X/2461/2417,%A0443
,斜肩式曲线位置2 高度,,,,,,,,,,,,Y/2463/2407,%A0444
,斜肩式曲线位置2 宽度,,,,,,,,,,,,X/2463/2417,%A0445
,斜肩式曲线位置3 高度,,,,,,,,,,,,Y/2465/2407,%A0446
,斜肩式曲线位置3 宽度,,,,,,,,,,,,X/2465/2417,%A0447
,O@x,,,,,,,,,,,,SY/2663/201,
,O@w,,,,,,,,,,,,SX/2663/201,
,,,,,,,,,,,,,,
,,,,,,,,,,,,,,
,,,,,,,,,,,,,,
,,,,,,,,,,,,,,
,,,,,,,,,,,,,,
,,,,,,,,,,,,,,
,,,,,,,,,,,,,,
,,,,,,,,,,,,,,
,,,,,,,,,,,,,,
,,,,,,,,,,,,,,
,,,,,,,,,,,,,,
,立体袖 肩尺寸,,,,,,,,,,,,L/3441/3443,%A0128
,立体拼角高,,,,,,,,,,,,L/3525/3495,%A0124
,立体拼角 拼角宽,,,,,,,,,,,,L/3525/3526,%A0125
,立体拼角 胸深,,,,,,,,,,,,L/3504/3352,%A0126
,立体袖的膊线宽度,,,,,,,,,,,,L/3477/3476,%A0355
,立体袖 袖山中间宽,,,,,,,,,,,,L/3561/3573,%A0129
,,,,,,,,,,,,,,
,,,,,,,,,,,,,,
,,,,,,,,,,,,,,
,,,,,,,,,,,,,,
,,,,,,,,,,,,,,
,,,,,,,,,,,,,,
,,,,,,,,,,,,,,
,,,,,,,,,,,,,,
,,,,,,,,,,,,,,
,,,,,,,,,,,,,,
,,,,,,,,,,,,,,
,,,,,,,,,,,,,,
,,,2.00,,,,,,,,,,,
,,,1.00,,,,,,,,,,,
,马鞍膊宽,,,,,,,,,,,,L/3062/3054,%A0271
,x,,,,,,,,,,,,-,%A0383
,x,,,,,,,,,,,,-,%A0384
,x,,,,,,,,,,,,-,%A0385
,,,,,,,,,,,,,,
,,,,,,,,,,,,,,
,,,,,,,,,,,,,,
,,,,,,,,,,,,,,
,,,,,,,,,,,,,,
,,,18.85,,,,,,,,,,,
,,,,,,,,,,,,,,
,,,,,,,,,,,,,,
,,,,,,,,,,,,,,
,,,,,,,,,,,,,,
,,,,,,,,,,,,,,
,,,,,,,,,,,,,,
,,,,,,,,,,,,,,
,,,,,,,,,,,,,,
,,,,,,,,,,,,,,
,,,,,,,,,,,,,,
,伞型长度,,,,,,,,,,,,Y/2810/2441,%A0303
,@13 片数,,,,,,,,,,,,-,%A0058
,@52 Parachute total neck circumference,,,,,,,,,,,,-,%A0403
,@55 Parachute total body circumference,,,,,,,,,,,,-,%A0406
,@53 Parachute total length,,,,,,,,,,,,-,%A0404
,@54 Parachute start length,,,,,,,,,,,,-,%A0405
,,,,,,,,,,,,,,
,,,,,,,,,,,,,,
,,,,,,,,,,,,,,
,,,,,,,,,,,,,,
,,,,,,,,,,,,,,
,,,,,,,,,,,,,,
,,,,,,,,,,,,,,
,,,,,,,,,,,,,,
,,,,,,,,,,,,,,
,,,,,,,,,,,,,,
,,,,,,,,,,,,,,
,,,,,,,,,,,,,,
,,,,,,,,,,,,,,
,,,,,,,,,,,,,,
,腰部打褶位置(X),,0.00,,,,,,,,,,X/132/120,%A0419
,腰部打褶位置(Y),,0.00,,,,,,,,,,Y/144/101,%A0420
,腰部打褶宽度,,0.00,,,,,,,,,,X/134/132,%A0421
,腰部打褶长(上),,0.00,,,,,,,,,,Y/144/133,%A0422
,腰部打褶长(下),,,,,,,,,,,,Y/145/144,%A0423
,腰部打褶调整(上),,0.00,,,,,,,,,,X/133/144,%A0424
,腰部打褶调整(下),,0.00,,,,,,,,,,X/145/144,%A0425
,腰部打褶直线部分长,,0.00,,,,,,,,,,Y/141/143,%A0426
,,,,,,,,,,,,,,
,,,,,,,,,,,,,,
,,,,,,,,,,,,,,
,,,,,,,,,,,,,,
,,,,,,,,,,,,,,
,,,,,,,,,,,,,,
,,,,,,,,,,,,,,
,,,,,,,,,,,,,,
,,,,,,,,,,,,,,
,,,,,,,,,,,,,,
,,,,,,,,,,,,,,
,,,,,,,,,,,,,,
,维持三角形拼角形状,,,,,,,,,,,,-,%A0113
,三角形拼角宽,,,,,,,,,,,,X/260/263,%A0277
,三角形拼角上方高,,,,,,,,,,,,Y/263/260,%A0276
,三角形拼角下方高,,,,,,,,,,,,Y/263/262,%A0274
,三角形拼角下方顶点宽,,,,,,,,,,,,X/262/263,%A0275
,三角形拼角下胸宽,,,,,,,,,,,,BX/108/121,%A0019
,三角形拼角下袖宽,,,,,,,,,,,,SX/230/201,%A0020
,,,,,,,,,,,,,,
,,,,,,,,,,,,,,
,,,,,,,,,,,,,,
,,,,,,,,,,,,,,
,,,,,,,,,,,,,,
,,,,,,,,,,,,,,
,,,,,,,,,,,,,,
,,,,,,,,,,,,,,
,,,,,,,,,,,,,,
,,,,,,,,,,,,,,
,,,,,,,,,,,,,,
,,,,,,,,,,,,,,
,,,,,,,,,,,,,,
,@51 片数,,,,,,,,,,,,-,%C8010
,交界位置处长度,,,,,,,,,,,,C_L/6601/6871,%C8015
,@48 交界位置处宽度,,,,,,,,,,,,C_L/6601/6631,%C8007
,@32 袖口长,,,,,,,,,,,,C_L/6870/6871,%C8004
,@50 袖口宽 (下),,,,,,,,,,,,C_L_ALL2/6898/6871,%C8009
,接片长尺寸(袖口),,,,,,,,,,,,C_L/6772/6830,%C8017
,交界位置处直线尺寸,,,,,,,,,,,,C_L/6602/6831,%C8016
,,,,,,,,,,,,,,
,,,,,,,,,,,,,,
,,,,,,,,,,,,,,
,,,,,,,,,,,,,,
,,,,,,,,,,,,,,
,,,,,,,,,,,,,,
,,,,,,,,,,,,,,
,,,,,,,,,,,,,,
,,,,,,,,,,,,,,
,,,,,,,,,,,,,,
,,,,,,,,,,,,,,
,,,,,,,,,,,,,,
,,,,,,,,,,,,,,
,@43 前襟长,,,,,,,,,,,,-,%A0094
,@42 前襟宽,,,,,,,,,,,,L/1270/1271,%A0093
,,,,,,,,,,,,,,
,,,,,,,,,,,,,,
,全部钮扣个数,,,,,,,,,,,,-,%A0410
,领子钮扣个数,,,,,,,,,,,,-,%A0416
,第一个钮扣位置,,,,,,,,,,,,Y/1281/1260,%A0411
,最后一个钮扣位置,,,,,,,,,,,,Y/1264/1290,%A0412
,倒数第二个钮扣位置,,,,,,,,,,,,-,%A0417
,,,,,,,,,,,,,,
,,,,,,,,,,,,,,
,,,,,,,,,,,,,,
,,,,,,,,,,,,,,
,,,,,,,,,,,,,,
,,,,,,,,,,,,,,
,,,,,,,,,,,,,,
,,,,,,,,,,,,,,
,,,,,,,,,,,,,,
,,,,,,,,,,,,,,
,,,,,,,,,,,,,,
,,,,,,,,,,,,,,
,,,,,,,,,,,,,,
,,,,,,,,,,,,,,
,,,,,,,,,,,,,,
,,,,,,,,,,,,,,
,,,,,,,,,,,,,,
,,,,,,,,,,,,,,
,,,,,,,,,,,,,,
,,,,,,,,,,,,,,
,,,,,,,,,,,,,,
,,,,,,,,,,,,,,
,,,,,,,,,,,,,,
,,,,,,,,,,,,,,
,,,,,,,,,,,,,,
,,,,,,,,,,,,,,
,,,,,,,,,,,,,,
,,,,,,,,,,,,,,
,,,,,,,,,,,,,,
,,,,,,,,,,,,,,
,,,,,,,,,,,,,,
,,,,,,,,,,,,,,
,,,,,,,,,,,,,,
,,,,,,,,,,,,,,
,,,,,,,,,,,,,,
,,,,,,,,,,,,,,
,,,,,,,,,,,,,,
,,,,,,,,,,,,,,
,,,,,,,,,,,,,,
,,,,,,,,,,,,,,
,,,,,,,,,,,,,,
,,,,,,,,,,,,,,
,,,,,,,,,,,,,,
,,,,,,,,,,,,,,
,,,,,,,,,,,,,,
,,,,,,,,,,,,,,
,,,0.00,,,,,,,,,,,
,,,,,,,,,,,,,,
,,,,,,,,,,,,,,
,,,,,,,,,,,,,,
,,,,,,,,,,,,,,
,,,,,,,,,,,,,,
,,,,,,,,,,,,,,
,,,,,,,,,,,,,,
,,,,,,,,,,,,,,
,,,,,,,,,,,,,,
,,,,,,,,,,,,,,
,,,,,,,,,,,,,,
,,,,,,,,,,,,,,
,,,,,,,,,,,,,,
,,,,,,,,,,,,,,
,@20 片数(喇叭裙),,,,,,,,,,,,-,%B7011
,裤长,,,,,,,,,,,,Y/4792/4751,%B7052
T056,裙长,,,,,,,,,,,,Y/1804/1807,%B7053
,@26 腰宽(裙子/裤子),,,,,,,,,,,,BX/1804/1843,%B7014
,,,,,,,,,,,,,,
T055,腰宽(拉长),,,,,,,,,,,,BX/1804/1843,%B7044
T058,裙后浪深,,,,,,,,,,,,Y/1854/1850,%B7055
,臀高(距腰线)(裙子/裤子),,,,,,,,,,,,Y/4751/4766,%B7047
,臀宽(裙子/裤子),,,,,,,,,,,,BX/4766/4756,%B7048
,膝位置由顶度下,,,,,,,,,,,,Y/4792/4767,%B7049
,膝宽,,,,,,,,,,,,L/4767/4760,%B7050
,@31 下摆长(裙子/裤子),,,,,,,,,,,,Y/1808/1805,%B7016
,@49 罗纹宽(裙子/裤子),,,,,,,,,,,,X/4762/4763,%B7064
,@49 裙脚宽(前及后),,,,,,,,,,,,-,%B7019
,,,,,,,,,,,,,,
,,,,,,,,,,,,,,
,,,,,,,,,,,,,,
,,,,,,,,,,,,,,
,,,,,,,,,,,,,,
,,,,,,,,,,,,,,
,,,,,,,,,,,,,,
,,,,,,,,,,,,,,
,,,,,,,,,,,,,,
,,,,,,,,,,,,,,
,,,,,,,,,,,,,,
,,,,,,,,,,,,,,
,,,,,,,,,,,,,,
,,,,,,,,,,,,,,
,,,,,,,,,,,,,,
,,,,,,,,,,,,,,
,@68 腰带长,,,,,,,,,,,,Y/554/555,%B7040
,@69 皮带种类,,,,,,,,,,,,-,%B7002
,不同腰带部件,,,,,,,,,,,,-,%B7060
,x,,,,,,,,,,,,X/606/608,%B7059
T057,褶位由后中度(裙子/裤子),,,,,,,,,,,,X/552/550,%B7043
,腰褶长(裙子/裤子),,,,,,,,,,,,Y/550/553,%B7056
,腰褶宽(裙子/裤子),,,,,,,,,,,,X/552/562,%B7057
,裙长(直度),,,,,,,,,,,,Y/1821/1806,%B7054
,x,,,,,,,,,,,,-,%B7061
,x,,,,,,,,,,,,-,%B7062
,修改腰围曲线,,,,,,,,,,,,-,%B7063
,x,,,,,,,,,,,,-,%A0357
,平收宽度(裤子),,,,,,,,,,,,X/4757/4758,%B7041
,浪顶长,,,,,,,,,,,,Y/4754/4758,%B7051
,浪顶宽,,,,,,,,,,,,X/4765/4758,%B7042
,@22 Machi type(Pants),,,,,,,,,,,,-,%B7012
,后浪高差,,,,,,,,,,,,Y/4701/4704,%B7039
,,,,,,,,,,,,,,
,,,,,,,,,,,,,,
,,,,,,,,,,,,,,
,,,,,,,,,,,,,,
,,,,,,,,,,,,,,
,,,,,,,,,,,,,,
,,,,,,,,,,,,,,
,,,,,,,,,,,,,,
,,,,,,,,,,,,,,
,,,,,,,,,,,,,,
,,,,,,,,,,,,,,
,,,,,,,,,,,,,,
,,,,,,,,,,,,,,
,,,,,,,,,,,,,,
,,,,,,,,,,,,,,
,,,,,,,,,,,,,,
,,,,,,,,,,,,,,
,,,,,,,,,,,,,,
,,,,,,,,,,,,,,
,,,,,,,,,,,,,,
,,,,,,,,,,,,,,
,,,,,,,,,,,,,,
,,,,,,,,,,,,,,
,,,,,,,,,,,,,,
,,,,,,,,,,,,,,
,,,,,,,,,,,,,,
,,,,,,,,,,,,,,
,,,,,,,,,,,,,,
,,,,,,,,,,,,,,
,,,,,,,,,,,,,,
,,,,,,,,,,,,,,
,,,,,,,,,,,,,,
,,,,,,,,,,,,,,
T059,周长/头部宽度,,,,,,,,,,,,RepX/2/2/RepX/5/5,%A0285
T060,周长放松量,,,,,,,,,,,,RepX/2/2/RepX/5/5,%A0269
,长度,,,,,,,,,,,,Y/1/11,%A0338
T061,片长,,,,,,,,,,,,Y/1/6,%A0287
T062,片宽调整,,,,,,,,,,,,X/8/1,%A0235
,@44 接片形铑型(1或2),,,,,,,,,,,,-,%A0096
,@64 接片形铑型(0或1),,,,,,,,,,,,-,%A0270
,,,,,,,,,,,,,,
,,,,,,,,,,,,,,
,,,,,,,,,,,,,,
,,,,,,,,,,,,,,
,,,,,,,,,,,,,,
,,,,,,,,,,,,,,
,,,,,,,,,,,,,,
,,,,,,,,,,,,,,
,,,,,,,,,,,,,,
,,,,,,,,,,,,,,
,,,,,,,,,,,,,,
,,,,,,,,,,,,,,
,,,,,,,,,,,,,,
,$ (衫身高),,,,,,,,,,,,-,%A0010
,前领周长,,17.20,,,,,,,,,,-,%A0407
,后领周长,,8.66,,,,,,,,,,-,%A0408
,,,,,,,,,,,,,,
,,,,,,,,,,,,,,
,$ (夹圈垂直高量度),,18.85,,,,,,,,,,Y/102/107,%A0018
,$ (前夹圈深),,18.85,,,,,,,,,,-,%A0007
,$ (后夹圈深),,19.85,,,,,,,,,,-,%A0005
,$ (身片周长),,43.79,,,,,,,,,,-,%A0011
,,,,,,,,,,,,,,
,,,,,,,,,,,,,,
,-,,,,,,,,,,,,-,%A0409
,,,,,,,,,,,,,,
,,,,,,,,,,,,,,
,,,,,,,,,,,,,,
,$ (袖山周长),,,,,,,,,,,,-,%A0012
T041,$ (袖山高),,,,,,,,,,,,-,%A0008
,$ (袖山丰满度),,,,,,,,,,,,-,%A0004
,$ (袖山收口),,,,,,,,,,,,-,%A0009
,,,,,,,,,,,,,,
,,,,,,,,,,,,,,
,$ (三角形拼角上胸宽),,,,,,,,,,,,BX/106/121/BX/263/260,%A0021
T015,$ (斜肩式长的夹圈高度),,,,,,,,,,,,L/2407/2447,%A0014
T053,$ (斜肩式线长的袖拢高度: 后领中线～),,,,,,,,,,,,L/2407/2431,%A0013
T054,$ (袖长: 后领中线～袖口),,,,,,,,,,,,L/2497/2431,%A0017
,,,,,,,,,,,,,,
,,,,,,,,,,,,,,
,,,,,,,,,,,,,,
,,,,,,,,,,,,,,
,,,,,,,,,,,,,,
,,,,,,,,,,,,,,
,,,,,,,,,,,,,,
,,,,,,,,,,,,,,
,,,,,,,,,,,,,,
,,,,,,,,,,,,,,
,,,,,,,,,,,,,,
,,,,,,,,,,,,,,
,,,,,,,,,,,,,,
,,,,,,,,,,,,,,
,,,,,,,,,,,,,,
,,,,,,,,,,,,,,
,,,,,,,,,,,,,,
,,,,,,,,,,,,,,
,,,,,,,,,,,,,,
,,,,,,,,,,,,,,
,,,,,,,,,,,,,,
,,,,,,,,,,,,,,
,,,,,,,,,,,,,,
,,,,,,,,,,,,,,
,,,,,,,,,,,,,,
,,,,,,,,,,,,,,
,,,,,,,,,,,,,,
,,,,,,,,,,,,,,
,,,,,,,,,,,,,,
,,,,,,,,,,,,,,
,,,,,,,,,,,,,,
,,,,,,,,,,,,,,
,,,,,,,,,,,,,,
,,,,,,,,,,,,,,
,,,,,,,,,,,,,,
,,,,,,,,,,,,,,
,,,,,,,,,,,,,,
,,,,,,,,,,,,,,
,,,,,,,,,,,,,,
,,,,,,,,,,,,,,
,,,,,,,,,,,,,,
,,,,,,,,,,,,,,
,,,,,,,,,,,,,,
,,,,,,,,,,,,,,
,,,,,,,,,,,,,,
,,,,,,,,,,,,,,
,,,,,,,,,,,,,,
,,,,,,,,,,,,,,
,,,,,,,,,,,,,,
,,,,,,,,,,,,,,
,,,,,,,,,,,,,,
,,,,,,,,,,,,,,
,,,,,,,,,,,,,,
,,,,,,,,,,,,,,
,,,,,,,,,,,,,,
,,,,,,,,,,,,,,
,,,,,,,,,,,,,,
,,,,,,,,,,,,,,
,,,,,,,,,,,,,,
,,,,,,,,,,,,,,
,,,,,,,,,,,,,,
,,,,,,,,,,,,,,
,,,,,,,,,,,,,,
,,,,,,,,,,,,,,
,,,,,,,,,,,,,,
,,,,,,,,,,,,,,
,,,,,,,,,,,,,,
,,,,,,,,,,,,,,
,,,,,,,,,,,,,,
,,,,,,,,,,,,,,
,,,,,,,,,,,,,,
,,,,,,,,,,,,,,
,,,,,,,,,,,,,,
,,,,,,,,,,,,,,
,,,,,,,,,,,,,,
,@11 Style,81,81,81,81,81,81,81,81,81,81,81,-,%A0001
G001,@3# 针数(目),30,70,70,70,70,70,70,70,70,70,70,-,%A0072
G002,@4# 针数,10,10,10,10,10,10,10,10,10,10,10,-,%A0087
G003,@5# 行数(目),40,80,80,80,80,80,80,80,80,80,80,-,%A0100
G004,@6# 行数,10,10,10,10,10,10,10,10,10,10,10,-,%A0101
,,,,,,,,,,,,,,
,@11 X^CB,,,,,,,,,,,,-,-
,@3# Q[WXB,,,,,,,,,,,,-,-
,@4# Q[WX@B,,,,,,,,,,,,-,-
,@5# Q[WYB,,,,,,,,,,,,-,-
,@6# Q[WY@B,,,,,,,,,,,,-,-
,,,,,,,,,,,,,,
,@11 X^CC,,,,,,,,,,,,-,-
,@3# Q[WXC,,,,,,,,,,,,-,-
,@4# Q[WX@C,,,,,,,,,,,,-,-
,@5# Q[WYC,,,,,,,,,,,,-,-
,@6# Q[WY@C,,,,,,,,,,,,-,-
,,,,,,,,,,,,,,
,,,,,,,,,,,,,,
,,,,,,,,,,,,,,
,,,,,,,,,,,,,,
,,,,,,,,,,,,,,
,,,,,,,,,,,,,,
,,,,,,,,,,,,,,
,,,,,,,,,,,,,,
,,,,,,,,,,,,,,
,,,,,,,,,,,,,,
,,,,,,,,,,,,,,
,,,,,,,,,,,,,,
,,,,,,,,,,,,,,
,Pattern Version,3,,,,,,,,,,,-,%A0413
,@73 Knit Data,0,1,1,1,1,1,1,1,1,1,1,-,%A0036
,@16 使用者罗纹数据,0,0,0,0,0,0,0,0,0,0,0,-,%A0062
,,,,,,,,,,,,,,
,KIKAKU,,,,,,,,,,,,-,%A0035
,@2 袖:编织比率,,,,,,,,,,,,-,%A0067
,前后不同形状,,,,,,,,,,,,-,%A0027
,@14 连接袖的种类,,,,,,,,,,,,-,%A0059
,袖的种类,,,,,,,,,,,,-,%A0052
,@17 领的种类,11,14,14,14,14,14,14,14,14,14,14,-,%A0063
,后领的种类,,,,,,,,,,,,-,%A0365
,@65 T_Sleeve Setting,,,,,,,,,,,,-,%A0415
,SETIN-B,,,,,,,,,,,,-,-
,@19 A.H. start type,0,1,1,1,1,1,1,1,1,1,1,-,%A0066
,ZbgCa@,,,,0.00,,0.00,,,,,,-,-
,,,,,,,,,,,,,-,
,@72 袖山宽设定,,,,,,,,,,,,-,%A0427
,,,,,,,,,,,,,,
,@67 肩褶设定,,,,,,,,,,,,L/2401/2402/L/2621/2607,%A0050
,,,,,,,,,,,,,,
,@66 腰部打褶设定,,0,0,0,0,0,0,0,0,0,0,-,%A0418
,,,,,,,,,,,,,,
,,,,,,,,,,,,,,
,,,,,,,,,,,,,,
,,,,,,,,,,,,,,
,,,,,,,,,,,,,,
,,,,,,,,,,,,,,
,,,,,,,,,,,,,,
,,,,,,,,,,,,,,
,,,,,,,,,,,,,,
,,,,,,,,,,,,,,
,,,,,,,,,,,,,,
,,,,,,,,,,,,,,
,,,,,,,,,,,,,,
,,,,,,,,,,,,,,
,,,,,,,,,,,,,,
,,,,,,,,,,,,,,
,,,,,,,,,,,,,,
,,,,,,,,,,,,,,
,,,,,,,,,,,,,,
,,,,,,,,,,,,,,
,,,,,,,,,,,,,,
,,,,,,,,,,,,,,
,,,,,,,,,,,,,,
,,,,,,,,,,,,,,
,,,,,,,,,,,,,,
,,,,,,,,,,,,,,
,,,,,,,,,,,,,,
,,,,,,,,,,,,,,
,,,,,,,,,,,,,,
,,,,,,,,,,,,,,
,,,,,,,,,,,,,,
,,,,,,,,,,,,,,
,,,,,,,,,,,,,,
,,,,,,,,,,,,,,
,,,,,,,,,,,,,,
,,,,,,,,,,,,,,
,,,,,,,,,,,,,,
,,,,,,,,,,,,,,
,,,,,,,,,,,,,,
,@15 SP领总宽,,2.00,,,,,,,,,,-,%A0060
,@18 袖拢罗纹总宽,,1.00,,,,,,,,,,X/103/3643,%A0064
,@56 Waist total width,,,,,,,,,,,,BX/1804/1843,%B7076
,@57 Skirt total length,,,,,,,,,,,,Y/1804/1807,%B7077
,@61 Hip total length,,,,,,,,,,,,Y/1804/1813,%B7081
,@60 Hip total width,,,,,,,,,,,,BX/1804/1813,%B7080
,@63 Knee total length,,,,,,,,,,,,Y/1807/1812,%B7083
,@62 Knee total width,,,,,,,,,,,,BX/1807/1812,%B7082
,@59 Hem total width,,,,,,,,,,,,BX/1082/1801,%B7079
,@58 Skirt straight total length,,,,,,,,,,,,Y/1821/1806,%B7078
,腰宽位置(肩点下量),,,,,,,,,,,,-,%A0366
,腰宽,,,,,,,,,,,,-,%A0367
,@31 下摆总长,,5.00,,,,,,,,,,Y/2415/2492,%A0439
,@32 袖口总长,,,,,,,,,,,,L/2496/2484,%A0440
,@31 下摆总长(裙子/裤子),,,,,,,,,,,,-,%B7084
,,,,,,,,,,,,,,
,,,,,,,,,,,,,,
,,,,,,,,,,,,,,
,,,,,,,,,,,,,,
,,,,,,,,,,,,,,
,,,,,,,,,,,,,,
,,,,,,,,,,,,,,
,,,,,,,,,,,,,,
,,,,,,,,,,,,,,
,,,,,,,,,,,,,,
,,,,,,,,,,,,,,
,,,,,,,,,,,,,,
,,,,,,,,,,,,,,
,,,,,,,,,,,,,,
,,,,,,,,,,,,,,
,,,,,,,,,,,,,,
,,,,,,,,,,,,,,
,,,,,,,,,,,,,,
,,,,,,,,,,,,,,
,,,,,,,,,,,,,,
,,,,,,,,,,,,,,
,,,,,,,,,,,,,,
,,,,,,,,,,,,,,
,,,,,,,,,,,,,,
,,,,,,,,,,,,,,
,,,,,,,,,,,,,,
,,,,,,,,,,,,,,
,,,,,,,,,,,,,,
,,,,,,,,,,,,,,
,,,,,,,,,,,,,,
,,,,,,,,,,,,,,
,,,,,,,,,,,,,,
,,,,,,,,,,,,,,
,,,,,,,,,,,,,,
,,,,,,,,,,,,,,
,,,,,,,,,,,,,,
,,,,,,,,,,,,,,
,,,,,,,,,,,,,,
,,,,,,,,,,,,,,
,,,,,,,,,,,,,,
,,,,,,,,,,,,,,
,,,,,,,,,,,,,,
,,,,,,,,,,,,,,
,,,,,,,,,,,,,,
,,,,,,,,,,,,,,
S001,@39 纸口:领片,,,,,,,,,,,,L/126/125/L/125/554/L/554/553/L/553/552/L/552/551/BX/551/560,%A0086
S002,纸口:袖肩,,,,,,,,,,,,L/102/101,%A0318
S008,@38 纸口:夹圈,,,,,,,,,,,,L/127/102/L/102/103/L/103/105/L/105/106/L/106/107,%A0084
S004,@37 纸口:腰围,,,,,,,,,,,,L/116/115/L/115/114/L/114/111/L/111/109/L/109/108/L/108/107,%A0083
S009,@41 纸口:袖山,,,,,,,,,,,,L/228/2121/L/2121/2125/L/2125/223/L/223/203/L/203/2105,%A0091
S006,@40 纸口:夹底,,,,,,,,,,,,L/292/293/L/293/230/L/230/229,%A0089
S003,纸口:牛角袖,,,,,,,,,,,,-,%A0402
,纸口:腰围,,,,,,,,,,,,-,%A0310
,纸口:裙腰带,,,,,,,,,,,,-,%B7008
S007,@37 纸口:帽子,,,,,,,,,,,,LL/1/11/7,%A0082
,,,,,,,,,,,,,,
,,,,,,,,,,,,,,
,,,,,,,,,,,,,,
,,,,,,,,,,,,,,
,,,,,,,,,,,,,,
,,,,,,,,,,,,,,
,,,,,,,,,,,,,,
,,,,,,,,,,,,,,
,,,,,,,,,,,,,,
,,,,,,,,,,,,,,
,,,,,,,,,,,,,,
,,,,,,,,,,,,,,
,,,,,,,,,,,,,,
,,,,,,,,,,,,,,
,,,,,,,,,,,,,,
,,,,,,,,,,,,,,
,,,,,,,,,,,,,,
,,,,,,,,,,,,,,
,,,,,,,,,,,,,,
,,,,,,,,,,,,,,
,,,,,,,,,,,,,,
,,,,,,,,,,,,,,
,,,,,,,,,,,,,,
,,,,,,,,,,,,,,
,,,,,,,,,,,,,,
,,,,,,,,,,,,,,
,,,,,,,,,,,,,,
,,,,,,,,,,,,,,
,,,,,,,,,,,,,,
,,,,,,,,,,,,,,
,,,,,,,,,,,,,,
,,,,,,,,,,,,,,
,,,,,,,,,,,,,,
,,,,,,,,,,,,,,
,,,,,,,,,,,,,,
,,,,,,,,,,,,,,
,,,,,,,,,,,,,,
,,,,,,,,,,,,,,
,,,,,,,,,,,,,,
,,,,,,,,,,,,,,
,,,,,,,,,,,,,,
,,,,,,,,,,,,,,
,,,,,,,,,,,,,,
,,,,,,,,,,,,,,
,,,,,,,,,,,,,,
,,,,,,,,,,,,,,
,,,,,,,,,,,,,,
,,,,,,,,,,,,,,
,,,,,,,,,,,,,,
,,,,,,,,,,,,,,
,,,,,,,,,,,,,,
,,,,,,,,,,,,,,
,,,,,,,,,,,,,,
,,,,,,,,,,,,,,
,,,,,,,,,,,,,,
,,,,,,,,,,,,,,
,,,,,,,,,,,,,,
,,,,,,,,,,,,,,
,,,,,,,,,,,,,,
,,,,,,,,,,,,,,
,,,,,,,,,,,,,,
,,,,,,,,,,,,,,
,,,,,,,,,,,,,,
,,,,,,,,,,,,,,
,,,,,,,,,,,,,,
,,,,,,,,,,,,,,
,,,,,,,,,,,,,,
,,,,,,,,,,,,,,
,,,,,,,,,,,,,,
,,,,,,,,,,,,,,
,,,,,,,,,,,,,,
,,,,,,,,,,,,,,
,,,,,,,,,,,,,,
,,,,,,,,,,,,,,
,,,,,,,,,,,,,,
,,,,,,,,,,,,,,
,,,,,,,,,,,,,,
,,,,,,,,,,,,,,
,,,,,,,,,,,,,,
,,,,,,,,,,,,,,
,,,,,,,,,,,,,,
,,,,,,,,,,,,,,
,,,,,,,,,,,,,,
,,,,,,,,,,,,,,
,,,,,,,,,,,,,,
,,,,,,,,,,,,,,
,,,,,,,,,,,,,,
,,,,,,,,,,,,,,
,,,,,,,,,,,,,,
,,,,,,,,,,,,,,
,,,,,,,,,,,,,,
,,,,,,,,,,,,,,
,,,,,,,,,,,,,,
,,,,,,,,,,,,,,
,,,,,,,,,,,,,,
,,,,,,,,,,,,,,
,,,,,,,,,,,,,,
,,,,,,,,,,,,,,
,,,,,,,,,,,,,,
,,,,,,,,,,,,,,
,,,,,,,,,,,,,,
,,,,,,,,,,,,,,
,,,,,,,,,,,,,,
,,,,,,,,,,,,,,
,,,,,,,,,,,,,,
,,,,,,,,,,,,,,
,,,,,,,,,,,,,,
,,,,,,,,,,,,,,
,,,,,,,,,,,,,,
,,,,,,,,,,,,,,
,,,,,,,,,,,,,,
,,,,,,,,,,,,,,
,,,,,,,,,,,,,,
,,,,,,,,,,,,,,
,,,,,,,,,,,,,,
,,,,,,,,,,,,,,
,,,,,,,,,,,,,,
,,,,,,,,,,,,,,
,,,,,,,,,,,,,,
,,,,,,,,,,,,,,
,,,,,,,,,,,,,,
,,,,,,,,,,,,,,
,,,,,,,,,,,,,,
,,,,,,,,,,,,,,
,,,,,,,,,,,,,,
,,,,,,,,,,,,,,
,,,,,,,,,,,,,,
,,,,,,,,,,,,,,
,,,,,,,,,,,,,,
,,,,,,,,,,,,,,
,,,,,,,,,,,,,,
,,,,,,,,,,,,,,
,,,,,,,,,,,,,,
,,,,,,,,,,,,,,
,,,,,,,,,,,,,,
,,,,,,,,,,,,,,
,,,,,,,,,,,,,,
,,,,,,,,,,,,,,
,,,,,,,,,,,,,,
,,,,,,,,,,,,,,
,CHECK25,,,1.52,1.52,,1.52,,,,,,-,%A0108
,ADJ. X F SHLD.,,,0.00,0.00,,0.00,,,,,,-,%A0109
,ADJ. Y F SHLD.,,,,,,,,,,,,-,%A0110
,前肩向前或向后回转部分,,,0.59,,,0.59,,,,,,-,%A0112
,Neck pos.X,,,2.00,0.00,,0.00,,,,,,-,%A0115
,Neck pos.Y,,,1.18,0.00,,0.00,,,,,,-,%A0116
,Shuolder knitting parameter,,,,,,,,,,,,-,%A0119
,,,,,,,,,,,,,,
,,,,,,,,,,,,,,
,,,,,,,,,,,,,,
,,,,,,,,,,,,,,
,,,,,,,,,,,,,,
,,,,,,,,,,,,,,
,,,,,,,,,,,,,,
,,,,,,,,,,,,,,
,,,,,,,,,,,,,,
,,,,,,,,,,,,,,
,,,,,,,,,,,,,,
,,,,,,,,,,,,,,
,,,,,,,,,,,,,,
,,,,,,,,,,,,,,
,,,,,,,,,,,,,,
,,,,,,,,,,,,,,
,,,,,,,,,,,,,,
,,,,,,,,,,,,,,
,,,,,,,,,,,,,,
,,,,,,,,,,,,,,
,,,,,,,,,,,,,,
,,,,,,,,,,,,,,
,,,,,,,,,,,,,,
,,,,,,,,,,,,,,
,,,,,,,,,,,,,,
,,,,,,,,,,,,,,
,,,,,,,,,,,,,,
,,,,,,,,,,,,,,
,,,,,,,,,,,,,,
,,,,,,,,,,,,,,
,,,,,,,,,,,,,,
,,,,,,,,,,,,,,
,,,,,,,,,,,,,,
,,,,,,,,,,,,,,
,,,,,,,,,,,,,,
,,,,,,,,,,,,,,
,,,,,,,,,,,,,,
,,,,,,,,,,,,,,
,,,,,,,,,,,,,,
,,,,,,,,,,,,,,
,,,,,,,,,,,,,,
,,,,,,,,,,,,,,
,,,,,,,,,,,,,,
,,,,,,,,,,,,,,
,,,,,,,,,,,,,,
,,,,,,,,,,,,,,
,,,,,,,,,,,,,,
,,,,,,,,,,,,,,
,,,,,,,,,,,,,,
,,,,,,,,,,,,,,
,,,,,,,,,,,,,,
,,,,,,,,,,,,,,
,,,,,,,,,,,,,,
,,,,,,,,,,,,,,
,,,,,,,,,,,,,,
,,,,,,,,,,,,,,
,,,,,,,,,,,,,,
,,,,,,,,,,,,,,
,,,,,,,,,,,,,,
,,,,,,,,,,,,,,
,,,,,,,,,,,,,,
,,,,,,,,,,,,,,
,,,,,,,,,,,,,,
,,,,,,,,,,,,,,
,,,,,,,,,,,,,,
,,,,,,,,,,,,,,
,,,,,,,,,,,,,,
,,,,,,,,,,,,,,
,,,,,,,,,,,,,,
,,,,,,,,,,,,,,
,,,,,,,,,,,,,,
,,,,,,,,,,,,,,
,,,,,,,,,,,,,,
,,,,,,,,,,,,,,
,,,,,,,,,,,,,,
,,,,,,,,,,,,,,
,,,,,,,,,,,,,,
,,,,,,,,,,,,,,
,,,,,,,,,,,,,,
,,,,,,,,,,,,,,
,,,,,,,,,,,,,,
,,,,,,,,,,,,,,
,,,,,,,,,,,,,,
,,,,,,,,,,,,,,
,,,,,,,,,,,,,,
,,,,,,,,,,,,,,
,,,,,,,,,,,,,,
,,,,,,,,,,,,,,
,,,,,,,,,,,,,,
,,,,,,,,,,,,,,
,,,,,,,,,,,,,,
,,,,,,,,,,,,,,
,,,,,,,,,,,,,,
A001,@30 调整值,0,99,99,99,99,99,99,99,99,99,99,-,%A0073
,,,,,,,,,,,,,,
,,,,,,,,,,,,,,
,,,,,,,,,,,,,,
,连衣裙长,105,105,104,105,106,107,,,,,,T_Y/192/101/B_L/4595/4596,%S9001
T001,身长,,,,,,,,,,,,Y/101/117,%P0251
,后中心长,,,,,,,,,,,,X/4000/4001/Y/3900/3901,%P0389
,腋下长,,,,,,,,,,,,Y/116/107,%P0390
T002,@45 胸宽,,,,,,,,,,,,BX/107/117,%P0097
T003,肩宽,,,,,,,,,,,,BX/102/117,%P0324
T010,肩斜,,,,,,,,,,,,Y/102/101,%P0323
,打褶宽,,,,,,,,,,,,L/4003/4005/L/4033/4035,%P0391
,由肩点到前上胸宽向下直量,,,,,,,,,,,,Y/101/103,%P0252
T026,前上胸宽,,,,,,,,,,,,BX/103/117,%P0278
T006,后上胸宽,,,,,,,,,,,,BX/3/21,%P0241
T005,后领外宽,,,,,,,,,,,,BX/595/117,%P0244
,O\,,,,,,,,,,,,-,-
,前领深(领内围到领头),,,,,,,,,,,,Y/580/101,%P0281
T007,前领深(领外围到领头),,,,,,,,,,,,Y/590/101,%P0282
T009,后领深,,,,,,,,,,,,Y/501/1,%P0243
T011,夹圈直量度,,,,,,,,,,,,L/102/107,%P0331
T023,后中到夹圈下围,,,,,,,,,,,,Y/101/107,%P0340
T028,腰宽位置(肩点下量),,,,,,,,,,,,Y/101/110,%P0347
T022,@24 腰宽,,,,,,,,,,,,BX/110/117,%P0071
T013,@31 下摆长,,,,,,,,,,,,Y/115/116,%P0074
T012,@24 罗纹宽,,,,,,,,,,,,BX/116/117,%P0070
,,,,,,,,,,,,,,
,,,,,,,,,,,,,,
,,,,,,,,,,,,,,
,,,,,,,,,,,,,,
,,,,,,,,,,,,,,
,,,,,,,,,,,,,,
,,,,,,,,,,,,,,
,,,,,,,,,,,,,,
,,,,,,,,,,,,,,
,,,,,,,,,,,,,,
,,,,,,,,,,,,,,
,,,,,,,,,,,,,,
,,,,,,,,,,,,,,
,,,,,,,,,,,,,,
,袖子总长,,,,,,,,,,,,T_L/202/294/C_L/6898/6662,%S9002
T063,袖长,,,,,,,,,,,,SY/202/294,%P0328
,后中到袖口总长,,,,,,,,,,,,T_L/2497/2401/X/2401/2431/C_L/6898/6662,%S9003
T014,后中到袖口长,,,,,,,,,,,,L/2497/2401/X/2401/2431,%P0300
T016,@46 袖宽,,,,,,,,,,,,SX/229/201,%P0098
T019,@32 袖口长,,,,,,,,,,,,SY/292/293,%P0075
T017,@47 袖口宽,,,,,,,,,,,,SX/294/292,%P0099
,,,,,,,,,,,,,,
,,,,,,,,,,,,,,
,,,,,,,,,,,,,,
,,,,,,,,,,,,,,
,,,,,,,,,,,,,,
,,,,,,,,,,,,,,
,,,,,,,,,,,,,,
,,,,,,,,,,,,,,
,,,,,,,,,,,,,,
,,,,,,,,,,,,,,
,,,,,,,,,,,,,,
,,,,,,,,,,,,,,
,,,,,,,,,,,,,,
T050,领片高,,,,,,,,,,,,Y/1004/1003,%P0111
,@9# 领片高,,,,,,,,,,,,Y/1051/1050,%P0120
T042,前领底宽保持直线部分长,,,,,,,,,,,,BX/521/520,%P0334
,后领底宽保持直线部分长,,,,,,,,,,,,BX/501/502,%P0333
,侧颈点＿领宽,,,,,,,,,,,,L/126/595,%P0330
,SPlbN u,,,,,,,,,,,,-,-
T043,调整V领线,,,,,,,,,,,,L/582/584,%P0343
,调整后V领线,,,,,,,,,,,,L/803/804,%P0342
,,,,,,,,,,,,,,
,,,,,,,,,,,,,,
,领口垂直尺寸,,,,,,,,,,,,L/125/126,%P0386
,,,,,,,,,,,,,,
T020,腋下平收宽度(前片),,,,,,,,,,,,L/107/106,%P0250
T021,腋下平收宽度(后片),,,,,,,,,,,,L/7/6,%P0249
,袖拢罗纹宽,,,,,,,,,,,,X/103/3643,%P0131
,@9# 袖拢罗纹宽,,,,,,,,,,,,X/103/3643,%P0130
,,,,,,,,,,,,,,
,,,,,,,,,,,,,,
T032,g,,,,,,,,,,,,Y/102/107/Y/107/105,-
T033,g,,,,,,,,,,,,-,-
,,,,,,,,,,,,,,
,,,,,,,,,,,,,,
,,,,,,,,,,,,,,
,,,,,,,,,,,,,,
,,,,,,,,,,,,,,
,AH@,,,,,,,,,,,,,
,H,,,,,,,,,,,,,
,,,,,,,,,,,,,,
,,,,,,,,,,,,,,
,,,,,,,,,,,,,,
,,,,,,,,,,,,,,
,,,,,,,,,,,,,,
,,,,,,,,,,,,,,
,,,,,,,,,,,,,,
,,,,,,,,,,,,,,
,,,,,,,,,,,,,,
,,,,,,,,,,,,,,
,,,,,,,,,,,,,,
,,,,,,,,,,,,,,
,,,,,,,,,,,,,,
T044,胸围保持直线部分长,,,,,,,,,,,,Y/107/108,%P0256
T045,腰围保持直线部分长,,,,,,,,,,,,Y/109/111,%P0348
T047,下栏保持直线部分长,,,,,,,,,,,,Y/114/115,%P0291
T027,夹底保持直线部分长,,,,,,,,,,,,SY/229/230,%P0337
,,,,,,,,,,,,,,
,,,,,,,,,,,,,,
,,,,,,,,,,,,,,
,,,,,,,,,,,,,,
,,,,,,,,,,,,,,
,,,,,,,,,,,,,,
T039,前后身宽差(前>后),,,,,,,,,,,,X/107/121/X/7/21,%P0268
T067,背加长(后身片),,,,,,,,,,,,Y/5/2,%P0325
T068,前腋下加长,,,,,,,,,,,,L/115/114/L/114/111/L/111/109/L/109/108/L/108/107,%P0381
,前肩向前或向后回转部分(领部),,,,,,,,,,,,L/101/2051,%P0297
,前肩向前或向后回转部分(肩部),,,,,,,,,,,,L/102/2052,%P0298
T069,,,,,,,,,,,,,Y/102/103/Y/107/102,
,,,,,,,,,,,,,,
,,,,,,,,,,,,,,
,,,,,,,,,,,,,,
,,,,,,,,,,,,,,
,,,,,,,,,,,,,,
,,,,,,,,,,,,,,
,,,,,,,,,,,,,,
,,,,,,,,,,,,,,
,,,,,,,,,,,,,,
,,,,,,,,,,,,,,
,,,,,,,,,,,,,,
,,,,,,,,,,,,,,
,,,,,,,,,,,,,,
,,,,,,,,,,,,,,
T051,袖山高,,,,,,,,,,,,SY/202/201,%P0290
,袖山留针宽度,,,,,,,,,,,,LL2/224/202/LL2/202/204,%P0356
,袖山留针宽度(半身),,,,,,,,,,,,LL2/224/202,%P0438
,,,,,,,,,,,,,,
,袖山宽度增加部分(上面),,,,,,,,,,,,SX/2322/201,%P0245
,袖山宽度增加部分(下面),,,,,,,,,,,,SX/2321/201,%P0246
,,,,,,,,,,,,,,
,,,,,,,,,,,,,,
T052,袖山丰满度,,,,,,,,,,,,LL/229/202/2321/LL/202/209/2301,%P0284
,,,,,,,,,,,,,,
,,,,,,,,,,,,,,
,,,,,,,,,,,,,,
,袖山宽 高度1,,,,,,,,,,,,SY/201/2323,%P0428
,袖山宽1,,,,,,,,,,,,SX/2323/201,%P0429
,袖山宽 高度2,,,,,,,,,,,,SY/201/2322,%P0430
,袖山宽2,,,,,,,,,,,,SX/2322/201,%P0431
,袖山宽 高度3,,,,,,,,,,,,SY/201/2321,%P0432
,袖山宽3,,,,,,,,,,,,SX/2321/201,%P0433
,袖山宽 高度4,,,,,,,,,,,,SY/201/2320,%P0434
,袖山宽4,,,,,,,,,,,,SX/2320/201,%P0435
,袖山宽 高度5,,,,,,,,,,,,SY/201/2319,%P0436
,袖山宽5,,,,,,,,,,,,SX/2319/201,%P0437
,,,,,,,,,,,,,,
,,,,,,,,,,,,,,
,,,,,,,,,,,,,,
,,,,,,,,,,,,,,
,,,,,,,,,,,,,,
,,,,,,,,,,,,,,
,,,,,,,,,,,,,,
,,,,,,,,,,,,,,
,,,,,,,,,,,,,,
,,,,,,,,,,,,,,
,,,,,,,,,,,,,,
,,,,,,,,,,,,,,
T070,袖侧腋下长,,,,,,,,,,,,SY/229/294,%P0341
,,,,,,,,,,,,,,
T031,上臂长位置(和上臂宽成组),,,,,,,,,,,,SY/232/292,%P0236
T030,袖增加宽度(臂宽),,,,,,,,,,,,SX/232/201,%P0327
,,,,,,,,,,,,,,
,,,,,,,,,,,,,,
,,,,,,,,,,,,,,
,,,,,,,,,,,,,,
,,,,,,,,,,,,,,
,,,,,,,,,,,,,,
,,,,,,,,,,,,,,
,,,,,,,,,,,,,,
,,,,,,,,,,,,,,
,,,,,,,,,,,,,,
,,,,,,,,,,,,,,
,,,,,,,,,,,,,,
,斜肩袖夹宽度,,,,,,,,,,,,L/2401/2447,%P0309
T038,后斜肩袖夹位置,,,,,,,,,,,,LL/2401/2434/2437,%P0238
,斜肩式后中到夹圈下围重叠量,,,,,,,,,,,,L/2468/2406,%P0247
,后斜肩式后中到夹圈下围重叠量,,,,,,,,,,,,L/2407/2481,%P0401
,斜肩式曲线 1,,,,,,,,,,,,L/2461/2462,%P0039
,斜肩式曲线 2,,,,,,,,,,,,L/2464/2465,%P0040
,斜肩式曲线 3,,,,,,,,,,,,-,%P0397
,后斜肩式曲线 1,,,,,,,,,,,,L/2461/2462,%P0398
,后斜肩式曲线 2,,,,,,,,,,,,L/2467/2468,%P0399
,后斜肩式曲线 3,,,,,,,,,,,,-,%P0400
,斜肩袖平行长度,,,,,,,,,,,,L/2435/2461,%P0441
,斜肩式曲线位置1 高度,,,,,,,,,,,,Y/2461/2407,%P0442
,斜肩式曲线位置1 宽度,,,,,,,,,,,,X/2461/2417,%P0443
,斜肩式曲线位置2 高度,,,,,,,,,,,,Y/2463/2407,%P0444
,斜肩式曲线位置2 宽度,,,,,,,,,,,,X/2463/2417,%P0445
,斜肩式曲线位置3 高度,,,,,,,,,,,,Y/2465/2407,%P0446
,斜肩式曲线位置3 宽度,,,,,,,,,,,,X/2465/2417,%P0447
,O@x,,,,,,,,,,,,SY/2663/201,
,O@X,,,,,,,,,,,,SX/2663/201,
,,,,,,,,,,,,,,
,,,,,,,,,,,,,,
,,,,,,,,,,,,,,
,,,,,,,,,,,,,,
,,,,,,,,,,,,,,
,,,,,,,,,,,,,,
,,,,,,,,,,,,,,
,,,,,,,,,,,,,,
,,,,,,,,,,,,,,
,,,,,,,,,,,,,,
,,,,,,,,,,,,,,
,立体袖 肩尺寸,,,,,,,,,,,,L/3441/3443,%P0128
,立体拼角高,,,,,,,,,,,,L/3525/3495,%P0124
,立体拼角 拼角宽,,,,,,,,,,,,L/3525/3526,%P0125
,立体拼角 胸深,,,,,,,,,,,,L/3504/3352,%P0126
,立体袖的膊线宽度,,,,,,,,,,,,L/3477/3476,%P0355
,立体袖 袖山中间宽,,,,,,,,,,,,L/3561/3573,%P0129
,,,,,,,,,,,,,,
,,,,,,,,,,,,,,
,,,,,,,,,,,,,,
,,,,,,,,,,,,,,
,,,,,,,,,,,,,,
,,,,,,,,,,,,,,
,,,,,,,,,,,,,,
,,,,,,,,,,,,,,
,,,,,,,,,,,,,,
,,,,,,,,,,,,,,
,,,,,,,,,,,,,,
,,,,,,,,,,,,,,
,,,,,,,,,,,,,,
,,,,,,,,,,,,,,
,马鞍膊宽,,,,,,,,,,,,L/3062/3054,%P0271
,x,,,,,,,,,,,,-,%P0383
,x,,,,,,,,,,,,-,%P0384
,x,,,,,,,,,,,,-,%P0385
,,,,,,,,,,,,,,
,,,,,,,,,,,,,,
,,,,,,,,,,,,,,
,,,,,,,,,,,,,,
,,,,,,,,,,,,,,
,,,,,,,,,,,,,,
,,,,,,,,,,,,,,
,,,,,,,,,,,,,,
,,,,,,,,,,,,,,
,,,,,,,,,,,,,,
,,,,,,,,,,,,,,
,,,,,,,,,,,,,,
,,,,,,,,,,,,,,
,,,,,,,,,,,,,,
,,,,,,,,,,,,,,
,,,,,,,,,,,,,,
,伞型长度,,,,,,,,,,,,Y/2810/2441,%P0303
,@13 pV[g,,,,,,,,,,,,-,-
,@52 pV[g,,,,,,,,,,,,-,-
,@55 pV[gg,,,,,,,,,,,,-,-
,@53 pV[g,,,,,,,,,,,,-,-
,@54 Parachute start length,,,,,,,,,,,,-,%P0405
,,,,,,,,,,,,,,
,,,,,,,,,,,,,,
,,,,,,,,,,,,,,
,,,,,,,,,,,,,,
,,,,,,,,,,,,,,
,,,,,,,,,,,,,,
,,,,,,,,,,,,,,
,,,,,,,,,,,,,,
,,,,,,,,,,,,,,
,,,,,,,,,,,,,,
,,,,,,,,,,,,,,
,,,,,,,,,,,,,,
,,,,,,,,,,,,,,
,,,,,,,,,,,,,,
,腰部打褶位置(X),,,,,,,,,,,,X/132/120,%P0419
,腰部打褶位置(Y),,,,,,,,,,,,Y/144/101,%P0420
,腰部打褶宽度,,,,,,,,,,,,X/134/132,%P0421
,腰部打褶长(上),,,,,,,,,,,,Y/144/133,%P0422
,腰部打褶长(下),,,,,,,,,,,,Y/145/144,%P0423
,腰部打褶调整(上),,,,,,,,,,,,X/133/144,%P0424
,腰部打褶调整(下),,,,,,,,,,,,X/145/144,%P0425
,腰部打褶直线部分长,,,,,,,,,,,,Y/141/143,%P0426
,,,,,,,,,,,,,,
,,,,,,,,,,,,,,
,,,,,,,,,,,,,,
,,,,,,,,,,,,,,
,,,,,,,,,,,,,,
,,,,,,,,,,,,,,
,,,,,,,,,,,,,,
,,,,,,,,,,,,,,
,,,,,,,,,,,,,,
,,,,,,,,,,,,,,
,,,,,,,,,,,,,,
,,,,,,,,,,,,,,
,Op`,,,,,,,,,,,,-,-
,三角形拼角宽,,,,,,,,,,,,X/260/263,%P0277
,三角形拼角上方高,,,,,,,,,,,,Y/263/260,%P0276
,三角形拼角下方高,,,,,,,,,,,,Y/263/262,%P0274
,三角形拼角下方顶点宽,,,,,,,,,,,,X/262/263,%P0275
,三角形拼角下胸宽,,,,,,,,,,,,BX/108/121,%P0019
,三角形拼角下袖宽,,,,,,,,,,,,SX/230/201,%P0020
,,,,,,,,,,,,,,
,,,,,,,,,,,,,,
,,,,,,,,,,,,,,
,,,,,,,,,,,,,,
,,,,,,,,,,,,,,
,,,,,,,,,,,,,,
,,,,,,,,,,,,,,
,,,,,,,,,,,,,,
,,,,,,,,,,,,,,
,,,,,,,,,,,,,,
,,,,,,,,,,,,,,
,,,,,,,,,,,,,,
,,,,,,,,,,,,,,
,@51 ,,,,,,,,,,,,-,-
,交界位置处长度,,,,,,,,,,,,C_L/6601/6871,%R8015
,@48 交界位置处宽度,,,,,,,,,,,,C_L/6601/6631,%R8007
,@32 袖口长,,,,,,,,,,,,C_L/6870/6871,%R8004
,@50 袖口宽 (下),,,,,,,,,,,,C_L_ALL2/6898/6871,%R8009
,接片长尺寸(袖口),,,,,,,,,,,,C_L/6772/6830,%R8017
,交界位置处直线尺寸,,,,,,,,,,,,C_L/6602/6831,%R8016
,,,,,,,,,,,,,,
,,,,,,,,,,,,,,
,,,,,,,,,,,,,,
,,,,,,,,,,,,,,
,,,,,,,,,,,,,,
,,,,,,,,,,,,,,
,,,,,,,,,,,,,,
,,,,,,,,,,,,,,
,,,,,,,,,,,,,,
,,,,,,,,,,,,,,
,,,,,,,,,,,,,,
,,,,,,,,,,,,,,
,,,,,,,,,,,,,,
,@43 前襟长,,,,,,,,,,,,-,%P0094
,@42 前襟宽,,,,,,,,,,,,L/1270/1271,%P0093
,,,,,,,,,,,,,,
,,,,,,,,,,,,,,
,{^,,,,,,,,,,,,-,-
,{^,,,,,,,,,,,,-,-
,第一个钮扣位置,,,,,,,,,,,,Y/1281/1260,%P0411
,最后一个钮扣位置,,,,,,,,,,,,Y/1264/1290,%P0412
,倒数第二个钮扣位置,,,,,,,,,,,,-,%P0417
,,,,,,,,,,,,,,
,,,,,,,,,,,,,,
,,,,,,,,,,,,,,
,,,,,,,,,,,,,,
,,,,,,,,,,,,,,
,,,,,,,,,,,,,,
,,,,,,,,,,,,,,
,,,,,,,,,,,,,,
,,,,,,,,,,,,,,
,,,,,,,,,,,,,,
,,,,,,,,,,,,,,
,,,,,,,,,,,,,,
,,,,,,,,,,,,,,
,,,,,,,,,,,,,,
,,,,,,,,,,,,,,
,,,,,,,,,,,,,,
,,,,,,,,,,,,,,
,,,,,,,,,,,,,,
,,,,,,,,,,,,,,
,,,,,,,,,,,,,,
,,,,,,,,,,,,,,
,,,,,,,,,,,,,,
,,,,,,,,,,,,,,
,,,,,,,,,,,,,,
,,,,,,,,,,,,,,
,,,,,,,,,,,,,,
,,,,,,,,,,,,,,
,,,,,,,,,,,,,,
,,,,,,,,,,,,,,
,,,,,,,,,,,,,,
,,,,,,,,,,,,,,
,,,,,,,,,,,,,,
,,,,,,,,,,,,,,
,,,,,,,,,,,,,,
,,,,,,,,,,,,,,
,,,,,,,,,,,,,,
,,,,,,,,,,,,,,
,,,,,,,,,,,,,,
,,,,,,,,,,,,,,
,,,,,,,,,,,,,,
,,,,,,,,,,,,,,
,,,,,,,,,,,,,,
,,,,,,,,,,,,,,
,,,,,,,,,,,,,,
,,,,,,,,,,,,,,
,,,,,,,,,,,,,,
,,,,,,,,,,,,,,
,,,,,,,,,,,,,,
,,,,,,,,,,,,,,
,,,,,,,,,,,,,,
,,,,,,,,,,,,,,
,,,,,,,,,,,,,,
,,,,,,,,,,,,,,
,,,,,,,,,,,,,,
,,,,,,,,,,,,,,
,,,,,,,,,,,,,,
,,,,,,,,,,,,,,
,,,,,,,,,,,,,,
,,,,,,,,,,,,,,
,,,,,,,,,,,,,,
,,,,,,,,,,,,,,
,@20 XJ[g,,,,,,,,,,,,-,-
,裤长,,,,,,,,,,,,Y/4792/4751,%Q7052
T056,裙长,,,,,,,,,,,,Y/1804/1807,%Q7053
,@26 腰宽(裙子/裤子),,,,,,,,,,,,BX/1804/1843,%Q7014
,,,,,,,,,,,,,,
T055,腰宽(拉长),,,,,,,,,,,,BX/1804/1843,%Q7044
T058,裙后浪深,,,,,,,,,,,,Y/1854/1850,%Q7055
,臀高(距腰线)(裙子/裤子),,,,,,,,,,,,Y/4751/4766,%Q7047
,臀宽(裙子/裤子),,,,,,,,,,,,BX/4766/4756,%Q7048
,膝位置由顶度下,,,,,,,,,,,,Y/4792/4767,%Q7049
,膝宽,,,,,,,,,,,,L/4767/4760,%Q7050
,@31 下摆长(裙子/裤子),,,,,,,,,,,,Y/1808/1805,%Q7016
,@49 罗纹宽(裙子/裤子),,,,,,,,,,,,X/4762/4763,%Q7064
,@49 裙脚宽(前及后),,,,,,,,,,,,,%Q7019
,,,,,,,,,,,,,,
,,,,,,,,,,,,,,
,,,,,,,,,,,,,,
,,,,,,,,,,,,,,
,,,,,,,,,,,,,,
,,,,,,,,,,,,,,
,,,,,,,,,,,,,,
,,,,,,,,,,,,,,
,,,,,,,,,,,,,,
,,,,,,,,,,,,,,
,,,,,,,,,,,,,,
,,,,,,,,,,,,,,
,,,,,,,,,,,,,,
,,,,,,,,,,,,,,
,,,,,,,,,,,,,,
,,,,,,,,,,,,,,
,@68 腰带长,,,,,,,,,,,,Y/554/555,%Q7040
,@69 xg^Cv,,,,,,,,,,,,-,-
,xgp[c,,,,,,,,,,,,-,-
,EGXgxgo,,,,,,,,,,,,X/606/608,-
T057,褶位由后中度(裙子/裤子),,,,,,,,,,,,X/552/550,%Q7043
,腰褶长(裙子/裤子),,,,,,,,,,,,Y/550/553,%Q7056
,腰褶宽(裙子/裤子),,,,,,,,,,,,X/552/562,%Q7057
,裙长(直度),,,,,,,,,,,,Y/1821/1806,%Q7054
,^Cgpl,,,,,,,,,,,,-,-
,plqbv@,,,,,,,,,,,,-,-
,修改腰围曲线,,,,,,,,,,,,-,%Q7063
,x,,,,,,,,,,,,,%P0357
,平收宽度(裤子),,,,,,,,,,,,X/4757/4758,%Q7041
,浪顶长,,,,,,,,,,,,Y/4754/4758,%Q7051
,浪顶宽,,,,,,,,,,,,X/4765/4758,%Q7042
,@22 pc^Cv,,,,,,,,,,,,-,-
,后浪高差,,,,,,,,,,,,Y/4701/4704,%Q7039
,,,,,,,,,,,,,,
,,,,,,,,,,,,,,
,,,,,,,,,,,,,,
,,,,,,,,,,,,,,
,,,,,,,,,,,,,,
,,,,,,,,,,,,,,
,,,,,,,,,,,,,,
,,,,,,,,,,,,,,
,,,,,,,,,,,,,,
,,,,,,,,,,,,,,
,,,,,,,,,,,,,,
,,,,,,,,,,,,,,
,,,,,,,,,,,,,,
,,,,,,,,,,,,,,
,,,,,,,,,,,,,,
,,,,,,,,,,,,,,
,,,,,,,,,,,,,,
,,,,,,,,,,,,,,
,,,,,,,,,,,,,,
,,,,,,,,,,,,,,
,,,,,,,,,,,,,,
,,,,,,,,,,,,,,
,,,,,,,,,,,,,,
,,,,,,,,,,,,,,
,,,,,,,,,,,,,,
,,,,,,,,,,,,,,
,,,,,,,,,,,,,,
,,,,,,,,,,,,,,
,,,,,,,,,,,,,,
,,,,,,,,,,,,,,
,,,,,,,,,,,,,,
,,,,,,,,,,,,,,
,,,,,,,,,,,,,,
T059,周长/头部宽度,,,,,,,,,,,,RepX/2/2/RepX/5/5,%P0285
T060,周长放松量,,,,,,,,,,,,RepX/2/2/RepX/5/5,%P0269
,长度,,,,,,,,,,,,Y/1/11,%P0338
T061,片长,,,,,,,,,,,,Y/1/6,%P0287
T062,片宽调整,,,,,,,,,,,,X/8/1,%P0235
,@44 `^Cv(1 or 2),,,,,,,,,,,,-,-
,@64 Xq^Cv(0 or 1),,,,,,,,,,,,-,-
,,,,,,,,,,,,,,
,,,,,,,,,,,,,,
,,,,,,,,,,,,,,
,,,,,,,,,,,,,,
,,,,,,,,,,,,,,
,,,,,,,,,,,,,,
,,,,,,,,,,,,,,
,,,,,,,,,,,,,,
,,,,,,,,,,,,,,
,,,,,,,,,,,,,,
,,,,,,,,,,,,,,
,,,,,,,,,,,,,,
,,,,,,,,,,,,,,
